<!DOCTYPE hibernate-configuration PUBLIC
        "-//Hibernate/Hibernate Configuration DTD 3.0//EN"
        "http://www.hibernate.org/dtd/hibernate-configuration-3.0.dtd">

<hibernate-configuration>

    <session-factory>

        <!-- JDBC Database connection settings -->
        <property name="connection.driver_class">com.mysql.jdbc.Driver</property>
        <property name="connection.url">jdbc:mysql://localhost:3306/hb_student_tracker?useSSL=false</property>
        <property name="connection.username">hbstudent</property>
        <property name="connection.password">hbstudent</property>



        <!-- Select our SQL dialect -->
        <property name="dialect">org.hibernate.dialect.MySQLDialect</property>

        <!-- JDBC connection pool settings ... using built-in test pool -->
        <property name="connection.pool_size">1</property>
		<!-- Set the current session context -->
		<!-- 	<property name="current_session_context_class">thread</property> -->
		
	
 		<!-- disable the second level cache -->
		<property name="cache.provider_class">org.hibernate.cache.NoCacheProvider</property>
        <!-- Echo the SQL to stdout -->
        <property name="show_sql">true</property>	
		
	
		<property name="format_sql">true</property>
		<property name="hbm2ddl.auto">create</property>
		
		<mapping class="com.luv2code.hibernate.demo.entity.Student" />

 
 
 
 
    </session-factory>

</hibernate-configuration>

